-- phpMyAdmin SQL Dump
-- version 5.0.3
-- https://www.phpmyadmin.net/
--
-- Host: 127.0.0.1
-- Generation Time: Jun 22, 2021 at 08:41 AM
-- Server version: 10.4.14-MariaDB
-- PHP Version: 7.2.34

SET SQL_MODE = "NO_AUTO_VALUE_ON_ZERO";
START TRANSACTION;
SET time_zone = "+00:00";


/*!40101 SET @OLD_CHARACTER_SET_CLIENT=@@CHARACTER_SET_CLIENT */;
/*!40101 SET @OLD_CHARACTER_SET_RESULTS=@@CHARACTER_SET_RESULTS */;
/*!40101 SET @OLD_COLLATION_CONNECTION=@@COLLATION_CONNECTION */;
/*!40101 SET NAMES utf8mb4 */;

--
-- Database: `internlink`
--

-- --------------------------------------------------------

--
-- Table structure for table `applicant`
--

CREATE TABLE `applicant` (
  `applicantId` int(11) NOT NULL,
  `internshipId` int(11) NOT NULL,
  `fullName` varchar(100) DEFAULT NULL,
  `emailAddress` varchar(150) DEFAULT NULL,
  `phoneNumber` varchar(25) DEFAULT NULL,
  `institution` varchar(150) DEFAULT NULL,
  `degree` varchar(250) DEFAULT NULL,
  `cvFileName` varchar(250) DEFAULT NULL
) ENGINE=InnoDB DEFAULT CHARSET=utf8mb4;

--
-- Dumping data for table `applicant`
--

INSERT INTO `applicant` (`applicantId`, `internshipId`, `fullName`, `emailAddress`, `phoneNumber`, `institution`, `degree`, `cvFileName`) VALUES
(1, 0, 'Bobo Wab', 'wab@gmail.com', '0712345678', '@StrathU', 'IT', 'SQL Assignment.docx'),
(2, 4, 'Student', 'std@strath.edu', '07342653625', '@StrathU', 'BCOM', 'Comm Skills Assign - CV & Cover Letter.docx'),
(3, 3, 'John Doe', 'doe@gmail.com', '93478378792', 'USIU', 'ICS', 'Document.docx'),
(4, 1, 'Will Smith', 'will@gmail.com', '12347387854', 'School', 'Actuarial Science', 'Doc1.docx'),
(5, 3, 'John Kimani', 'john21@gmail.com', '0748787823', 'UoN', 'BBIT', 'Lesson 1.docx'),
(6, 3, 'Boy', 'boy@gmail.com', '162764736743', 'School', 'Swimming', 'Arnaud-F. Economics assignment.docx'),
(7, 2, 'Mr Bean', 'bean@gmail.com', '0237874833', 'London Business School', 'Comedy Selling', 'myCV.docx'),
(8, 1, 'John Kamau', 'johnk@gmail.com', '072565326', 'DayStar Uni', 'IT', 'myCV.docx'),
(9, 2, 'Mr Jeff ', 'jeff12@gmail.com', '0748378232', 'StrathU', 'Law', 'my cv.docx'),
(10, 1, 'Jane Doe', 'janed@gmail.com', '0723565263', 'School', 'Major', 'my cv.docx'),
(11, 1, 'Maria ', 'maria2000@gmail.com', '0754635622', 'None', 'None', 'my cv.docx'),
(12, 4, 'Rebecca', 'reb34@gmail.com', '07356532653', 'School', 'Chef', 'my cv.docx'),
(13, 6, 'Bobo Wab', 'bobo21@gmail.com', '0756352635', 'StrathUni', 'BBIT', 'my cv.docx'),
(14, 7, 'Some Student', 'somestd@yahoo.com', '47387878322', 'Some School', 'Some degree', 'Todos los dias presentación.docx'),
(15, 8, 'Peris', 'peris@gmail.com', '0725362563526', 'StrathU', 'IT', 'OOP GROUP ASSIGNMENT.docx'),
(16, 8, 'Rose', 'rosek@gmail.com', '9843874873', 'UoN', 'ICS', 'Marketing proj.docx'),
(17, 9, 'Bobo Wab', 'wab@gmail.com', '0672673627', 'University of Nairobi', 'ICS', 'marketing group work.docx'),
(18, 5, 'Jane Doe', 'janedoe@example.com', '0712345678', 'DayStar', 'BCOM', 'my cv.docx');

-- --------------------------------------------------------

--
-- Table structure for table `app_info`
--

CREATE TABLE `app_info` (
  `app_version` varchar(150) NOT NULL,
  `company_name` varchar(50) NOT NULL,
  `company_email` varchar(150) NOT NULL,
  `company_contact` varchar(25) NOT NULL
) ENGINE=InnoDB DEFAULT CHARSET=utf8mb4;

--
-- Dumping data for table `app_info`
--

INSERT INTO `app_info` (`app_version`, `company_name`, `company_email`, `company_contact`) VALUES
('1.0', 'InternLink Team', 'info@internlink.org', '0712345678');

-- --------------------------------------------------------

--
-- Table structure for table `company_account`
--

CREATE TABLE `company_account` (
  `id` int(11) NOT NULL,
  `name` varchar(150) NOT NULL,
  `email` varchar(150) NOT NULL,
  `phone` varchar(150) NOT NULL,
  `website` varchar(150) NOT NULL,
  `pass` varchar(150) NOT NULL
) ENGINE=InnoDB DEFAULT CHARSET=utf8mb4;

--
-- Dumping data for table `company_account`
--

INSERT INTO `company_account` (`id`, `name`, `email`, `phone`, `website`, `pass`) VALUES
(1, 'Best Company', 'bestcomp254@gmail.com', '07123456786', 'none', 'comppass'),
(2, 'Wab Community', 'wabs@gmail.com', '089348737846', 'no website', 'kingwab'),
(3, 'newcomp', 'newcomp@gmail.com', '0786762736', 'none', 'newcomp'),
(4, 'New School', 'info@newschool.edu', '072563526532', 'newschoolbuja.com', 'wearenewschool'),
(5, 'bobo', 'yes', 'yes', 'yes', 'yes'),
(6, 'yeah man', 'yeah man', '098374763763', 'yeah man', 'yeah man'),
(7, 'hey', 'hey', 'hey', 'hey', 'hey'),
(8, 'new comp', 'newcomp@gmail.com', '07356532656', 'no website', 'newcomp4ever'),
(9, 'my comp', 'mycomp@gmail.com', '0743565623', 'none', 'yeahman'),
(10, 'HostelNet Team', 'services@hostelnet.org', '0712345678', 'https://www.hostelnet.com', 'yeswecan'),
(11, 'Unicef Community', 'info@unicef.org', '0712345645', 'https://www.unicef.org', 'weareunicef'),
(12, 'Moi Skul', 'moiskul@gmail.com', '0939483847', 'hthuhushus', 'jdhfihaiuhfiuhsaifu'),
(13, 'Strathmore University', 'info@strathmore.edu', '0437676723', 'hdjhdsds', 'none');

-- --------------------------------------------------------

--
-- Table structure for table `internship`
--

CREATE TABLE `internship` (
  `internship_id` int(11) NOT NULL,
  `company_id` int(11) NOT NULL,
  `internship_title` varchar(250) DEFAULT NULL,
  `short_company_description` blob DEFAULT NULL,
  `internship_description` blob DEFAULT NULL,
  `requirements` blob DEFAULT NULL,
  `manager` varchar(100) DEFAULT NULL,
  `application_deadline` varchar(50) DEFAULT NULL
) ENGINE=InnoDB DEFAULT CHARSET=utf8mb4;

--
-- Dumping data for table `internship`
--

INSERT INTO `internship` (`internship_id`, `company_id`, `internship_title`, `short_company_description`, `internship_description`, `requirements`, `manager`, `application_deadline`) VALUES
(1, 10, 'DBA Assistant', 0x576520617265206120736f66747761726520636f6d70616e792e204f757220676f616c20697320746f2068656c7020616e6420737570706f727420737570706f7274200a796f756e672077656220646576656c6f707065727320656e6a6f79207468656972206361726565722e, 0x41207369782d6d6f6e746820696e7465726e7368697020746861742077696c6c2068656c7020696e7465726e73206c6561726e20616e64206761696e20736b696c6c73200a61626f757420776f726b696e67207769746820616e64206d616e6167696e67206461746162617365732e, 0x4d757374206861766520696e7465726d65646961746520746f20616476616e636564206b6e6f776c65646765206f6620636f6d70757465722070726f6772616d6d696e672e2048617665206d61737465727920696e20776f726b696e672077697468204d7953514c2044424d532e204d757374206265206120676f6f6420636f6d6d756e696361746f722e, 'Levi Zwannah Kamara', 'Novermber 30th, 2020'),
(2, 10, 'Web Developper Intern', 0x576520617265206865726520746f2068656c7020796f7520616368696576652067726561746e65737320696e20796f7572207765622064657620636172726965722e, 0x4c6561726e20686f7720746f20776f726b20696e207465616d7320666f7220612070726f6a6563742e0a456e68616e636520796f75722070726f626c656d2d736f6c76696e6720736b696c6c732e, 0x4272696e6720796f757220686561642c206d6f7469766174696f6e20616e642070617373696f6e20666f722077656220646576656c6f706d656e742e, 'IT manager', 'November 25th, 2020'),
(3, 10, 'programmer', 0x0a4c6f72656d20697073756d20646f6c6f722073697420616d65742c20636f6e73656374657475722061646970697363696e6720656c69742e2050656c6c656e7465737175652064617069627573206573742070757275732c206163206c7563747573206e65717565206d6178696d75732061632e2041656e65616e206d6f6c657374696520617263752066656c69732e2050726f696e2073697420616d657420656e696d206661756369627573207475727069732076617269757320636f6e7365637465747572207365642073656420646f6c6f722e20446f6e6563206d692061756775652c20706f7375657265207574206d61676e612065742c20737573636970697420636f6d6d6f646f206c616375732e20496e2070756c76696e617220696e206e756e63206e6563206469676e697373696d2e20446f6e656320717569732e, 0x0a4c6f72656d20697073756d20646f6c6f722073697420616d65742c20636f6e73656374657475722061646970697363696e6720656c69742e2050656c6c656e7465737175652064617069627573206573742070757275732c206163206c7563747573206e65717565206d6178696d75732061632e2041656e65616e206d6f6c657374696520617263752066656c69732e2050726f696e2073697420616d657420656e696d206661756369627573207475727069732076617269757320636f6e7365637465747572207365642073656420646f6c6f722e20446f6e6563206d692061756775652c20706f7375657265207574206d61676e612065742c20737573636970697420636f6d6d6f646f206c616375732e20496e2070756c76696e617220696e206e756e63206e6563206469676e697373696d2e20446f6e656320717569732e, 0x4c6f72656d20697073756d20646f6c6f722073697420616d65742c20636f6e73656374657475722061646970697363696e6720656c69742e2050656c6c656e7465737175652064617069627573206573742070757275732c206163206c7563747573206e65717565206d6178696d75732061632e2041656e65616e206d6f6c657374696520617263752066656c69732e2050726f696e2073697420616d657420656e696d206661756369627573207475727069732076617269757320636f6e7365637465747572207365642073656420646f6c6f722e20446f6e6563206d692061756775652c20706f7375657265207574206d61676e612065742c20737573636970697420636f6d6d6f646f206c616375732e20496e2070756c76696e617220696e206e756e63206e6563206469676e697373696d2e20446f6e656320717569732e, 'IT manager', 'nov 25, 2020'),
(4, 10, 'graphical designer', 0x0a4c6f72656d20697073756d20646f6c6f722073697420616d65742c20636f6e73656374657475722061646970697363696e6720656c69742e2050656c6c656e7465737175652064617069627573206573742070757275732c206163206c7563747573206e65717565206d6178696d75732061632e2041656e65616e206d6f6c657374696520617263752066656c69732e2050726f696e2073697420616d657420656e696d206661756369627573207475727069732076617269757320636f6e7365637465747572207365642073656420646f6c6f722e20446f6e6563206d692061756775652c20706f7375657265207574206d61676e612065742c20737573636970697420636f6d6d6f646f206c616375732e20496e2070756c76696e617220696e206e756e63206e6563206469676e697373696d2e20446f6e656320717569732e, 0x0a4c6f72656d20697073756d20646f6c6f722073697420616d65742c20636f6e73656374657475722061646970697363696e6720656c69742e2050656c6c656e7465737175652064617069627573206573742070757275732c206163206c7563747573206e65717565206d6178696d75732061632e2041656e65616e206d6f6c657374696520617263752066656c69732e2050726f696e2073697420616d657420656e696d206661756369627573207475727069732076617269757320636f6e7365637465747572207365642073656420646f6c6f722e20446f6e6563206d692061756775652c20706f7375657265207574206d61676e612065742c20737573636970697420636f6d6d6f646f206c616375732e20496e2070756c76696e617220696e206e756e63206e6563206469676e697373696d2e20446f6e656320717569732e, 0x4c6f72656d20697073756d20646f6c6f722073697420616d65742c20636f6e73656374657475722061646970697363696e6720656c69742e2050656c6c656e7465737175652064617069627573206573742070757275732c206163206c7563747573206e65717565206d6178696d75732061632e2041656e65616e206d6f6c657374696520617263752066656c69732e2050726f696e2073697420616d657420656e696d206661756369627573207475727069732076617269757320636f6e7365637465747572207365642073656420646f6c6f722e20446f6e6563206d692061756775652c20706f7375657265207574206d61676e612065742c20737573636970697420636f6d6d6f646f206c616375732e20496e2070756c76696e617220696e206e756e63206e6563206469676e697373696d2e20446f6e656320717569732e, 'IT manager', 'nov 20, 2020'),
(5, 2, 'Intern Primary School Teacher', 0x4c6f72656d20697073756d20646f6c6f722073697420616d65742c20636f6e73656374657475722061646970697363696e6720656c69742e2050686173656c6c757320696163756c69732065726f732073697420616d6574206d692074696e636964756e7420636f6e64696d656e74756d2e204d6f7262692074696e636964756e742064756920756c7472696365732072757472756d20736f64616c65732e204e756c6c612066656c697320656e696d2c20736f6c6c696369747564696e206574206c75637475732076656c2c20706c6163657261742e, 0x4c6f72656d20697073756d20646f6c6f722073697420616d65742c20636f6e73656374657475722061646970697363696e6720656c69742e2050686173656c6c757320696163756c69732065726f732073697420616d6574206d692074696e636964756e7420636f6e64696d656e74756d2e204d6f7262692074696e636964756e742064756920756c7472696365732072757472756d20736f64616c65732e204e756c6c612066656c697320656e696d2c20736f6c6c696369747564696e206574206c75637475732076656c2c20706c6163657261742e0a4c6f72656d20697073756d20646f6c6f722073697420616d65742c20636f6e73656374657475722061646970697363696e6720656c69742e2050686173656c6c757320696163756c69732065726f732073697420616d6574206d692074696e636964756e7420636f6e64696d656e74756d2e204d6f7262692074696e636964756e742064756920756c7472696365732072757472756d20736f64616c65732e204e756c6c612066656c697320656e696d2c20736f6c6c696369747564696e206574206c75637475732076656c2c20706c6163657261742e, 0x4c6f72656d20697073756d20646f6c6f722073697420616d65742c20636f6e73656374657475722061646970697363696e6720656c69742e2050686173656c6c757320696163756c69732065726f732073697420616d6574206d692074696e636964756e7420636f6e64696d656e74756d2e204d6f7262692074696e636964756e742064756920756c7472696365732072757472756d20736f64616c65732e204e756c6c612066656c697320656e696d2c20736f6c6c696369747564696e206574206c75637475732076656c2c20706c6163657261742e, 'School Principal', 'December 15, 2020'),
(6, 11, 'Primary School Teacher', 0x4c6f72656d20697073756d20646f6c6f722073697420616d65742c20636f6e73656374657475722061646970697363696e6720656c69742e205072616573656e7420616363756d73616e2076656c206d617572697320657520636f6e76616c6c69732e2050686173656c6c757320657420616e746520696420646f6c6f7220766976657272612073757363697069742e20566976616d75732076656c2070757275732061632075726e6120737573636970697420657569736d6f6420656765742069642e, 0x4c6f72656d20697073756d20646f6c6f722073697420616d65742c20636f6e73656374657475722061646970697363696e6720656c69742e205072616573656e7420616363756d73616e2076656c206d617572697320657520636f6e76616c6c69732e2050686173656c6c757320657420616e746520696420646f6c6f7220766976657272612073757363697069742e20566976616d75732076656c2070757275732061632075726e6120737573636970697420657569736d6f6420656765742069642e0a4c6f72656d20697073756d20646f6c6f722073697420616d65742c20636f6e73656374657475722061646970697363696e6720656c69742e205072616573656e7420616363756d73616e2076656c206d617572697320657520636f6e76616c6c69732e2050686173656c6c757320657420616e746520696420646f6c6f7220766976657272612073757363697069742e20566976616d75732076656c2070757275732061632075726e6120737573636970697420657569736d6f6420656765742069642e, 0x4c6f72656d20697073756d20646f6c6f722073697420616d65742c20636f6e73656374657475722061646970697363696e6720656c69742e205072616573656e7420616363756d73616e2076656c206d617572697320657520636f6e76616c6c69732e2050686173656c6c757320657420616e746520696420646f6c6f7220766976657272612073757363697069742e20566976616d75732076656c2070757275732061632075726e6120737573636970697420657569736d6f6420656765742069642e, 'Human Resource Manager', 'December 31, 2020'),
(7, 11, 'Volunteering ', 0x4c6f72656d20697073756d20646f6c6f722073697420616d65742c20636f6e73656374657475722061646970697363696e6720656c69742e205072616573656e7420616363756d73616e2076656c206d617572697320657520636f6e76616c6c69732e2050686173656c6c757320657420616e746520696420646f6c6f7220766976657272612073757363697069742e20566976616d75732076656c2070757275732061632075726e6120737573636970697420657569736d6f6420656765742069642e, 0x4c6f72656d20697073756d20646f6c6f722073697420616d65742c20636f6e73656374657475722061646970697363696e6720656c69742e205072616573656e7420616363756d73616e2076656c206d617572697320657520636f6e76616c6c69732e2050686173656c6c757320657420616e746520696420646f6c6f7220766976657272612073757363697069742e20566976616d75732076656c2070757275732061632075726e6120737573636970697420657569736d6f6420656765742069642e0a4c6f72656d20697073756d20646f6c6f722073697420616d65742c20636f6e73656374657475722061646970697363696e6720656c69742e205072616573656e7420616363756d73616e2076656c206d617572697320657520636f6e76616c6c69732e2050686173656c6c757320657420616e746520696420646f6c6f7220766976657272612073757363697069742e20566976616d75732076656c2070757275732061632075726e6120737573636970697420657569736d6f6420656765742069642e, 0x4c6f72656d20697073756d20646f6c6f722073697420616d65742c20636f6e73656374657475722061646970697363696e6720656c69742e205072616573656e7420616363756d73616e2076656c206d617572697320657520636f6e76616c6c69732e2050686173656c6c757320657420616e746520696420646f6c6f7220766976657272612073757363697069742e20566976616d75732076656c2070757275732061632075726e6120737573636970697420657569736d6f6420656765742069642e, 'Human Resource Manager', 'January 6, 2021'),
(8, 12, 'Chemistry teacher', 0x4c6f72656d20697073756d20646f6c6f722073697420616d65742c20636f6e73656374657475722061646970697363696e6720656c69742e205365642074656d706f722075726e61207365642076656c697420666575676961742074696e636964756e742e204e616d20696d70657264696574207365642072697375732073697420616d65742066617563696275732e2041656e65616e206d6178696d75732072686f6e637573206c65637475732c20736564206461706962757320697073756d20636f6d6d6f646f2e, 0x4c6f72656d20697073756d20646f6c6f722073697420616d65742c20636f6e73656374657475722061646970697363696e6720656c69742e205365642074656d706f722075726e61207365642076656c697420666575676961742074696e636964756e742e204e616d20696d70657264696574207365642072697375732073697420616d65742066617563696275732e2041656e65616e206d6178696d75732072686f6e637573206c65637475732c20736564206461706962757320697073756d20636f6d6d6f646f2e, 0x4c6f72656d20697073756d20646f6c6f722073697420616d65742c20636f6e73656374657475722061646970697363696e6720656c69742e205365642074656d706f722075726e61207365642076656c697420666575676961742074696e636964756e742e204e616d20696d70657264696574207365642072697375732073697420616d65742066617563696275732e2041656e65616e206d6178696d75732072686f6e637573206c65637475732c20736564206461706962757320697073756d20636f6d6d6f646f2e, 'School principal', 'January 20, 2021'),
(9, 13, 'Biology Teacher', 0x4c6f72656d20497073756d2069732073696d706c792064756d6d792074657874206f6620746865207072696e74696e6720616e64207479706573657474696e6720696e6475737472792e204c6f72656d20497073756d20686173206265656e2074686520696e6475737472792773207374616e646172642064756d6d79207465787420657665722073696e6365207468652031353030732e, 0x4c6f72656d20497073756d2069732073696d706c792064756d6d792074657874206f6620746865207072696e74696e6720616e64207479706573657474696e6720696e6475737472792e204c6f72656d20497073756d20686173206265656e2074686520696e6475737472792773207374616e646172642064756d6d79207465787420657665722073696e636520746865203135303073, 0x4c6f72656d20497073756d2069732073696d706c792064756d6d792074657874206f6620746865207072696e74696e6720616e64207479706573657474696e6720696e6475737472792e204c6f72656d20497073756d20686173206265656e2074686520696e6475737472792773207374616e646172642064756d6d79207465787420657665722073696e636520746865203135303073, 'FIT Dean', 'January 10, 2021');

--
-- Indexes for dumped tables
--

--
-- Indexes for table `applicant`
--
ALTER TABLE `applicant`
  ADD PRIMARY KEY (`applicantId`),
  ADD KEY `internshipId` (`internshipId`);

--
-- Indexes for table `app_info`
--
ALTER TABLE `app_info`
  ADD PRIMARY KEY (`company_email`);

--
-- Indexes for table `company_account`
--
ALTER TABLE `company_account`
  ADD PRIMARY KEY (`id`);

--
-- Indexes for table `internship`
--
ALTER TABLE `internship`
  ADD PRIMARY KEY (`internship_id`),
  ADD KEY `company_id` (`company_id`);

--
-- AUTO_INCREMENT for dumped tables
--

--
-- AUTO_INCREMENT for table `applicant`
--
ALTER TABLE `applicant`
  MODIFY `applicantId` int(11) NOT NULL AUTO_INCREMENT, AUTO_INCREMENT=19;

--
-- AUTO_INCREMENT for table `company_account`
--
ALTER TABLE `company_account`
  MODIFY `id` int(11) NOT NULL AUTO_INCREMENT, AUTO_INCREMENT=14;

--
-- AUTO_INCREMENT for table `internship`
--
ALTER TABLE `internship`
  MODIFY `internship_id` int(11) NOT NULL AUTO_INCREMENT, AUTO_INCREMENT=10;

--
-- Constraints for dumped tables
--

--
-- Constraints for table `applicant`
--
ALTER TABLE `applicant`
  ADD CONSTRAINT `applicant_ibfk_1` FOREIGN KEY (`internshipId`) REFERENCES `internship` (`internship_id`);

--
-- Constraints for table `internship`
--
ALTER TABLE `internship`
  ADD CONSTRAINT `internship_ibfk_1` FOREIGN KEY (`company_id`) REFERENCES `company_account` (`id`);
COMMIT;

/*!40101 SET CHARACTER_SET_CLIENT=@OLD_CHARACTER_SET_CLIENT */;
/*!40101 SET CHARACTER_SET_RESULTS=@OLD_CHARACTER_SET_RESULTS */;
/*!40101 SET COLLATION_CONNECTION=@OLD_COLLATION_CONNECTION */;
